/*
Navicat MySQL Data Transfer

Source Server         : 本地
Source Server Version : 50146
Source Host           : localhost:3306
Source Database       : blog

Target Server Type    : MYSQL
Target Server Version : 50146
File Encoding         : 65001

Date: 2017-01-10 14:41:46
*/

SET FOREIGN_KEY_CHECKS=0;

-- ----------------------------
-- Table structure for `pre_admin`
-- ----------------------------
DROP TABLE IF EXISTS `pre_admin`;
CREATE TABLE `pre_admin` (
  `admin_id` int(11) NOT NULL AUTO_INCREMENT,
  `admin_name` varchar(30) NOT NULL,
  `admin_password` char(32) NOT NULL,
  `admin_lastlogintime` int(11) NOT NULL COMMENT '最后登录时间',
  `admin_lastloginip` varchar(20) NOT NULL COMMENT '最后登录IP',
  PRIMARY KEY (`admin_id`)
) ENGINE=MyISAM AUTO_INCREMENT=3 DEFAULT CHARSET=utf8;

-- ----------------------------
-- Records of pre_admin
-- ----------------------------
INSERT INTO `pre_admin` VALUES ('1', 'admin', 'e10adc3949ba59abbe56e057f20f883e', '1443283738', '127.0.0.1');

-- ----------------------------
-- Table structure for `pre_blog`
-- ----------------------------
DROP TABLE IF EXISTS `pre_blog`;
CREATE TABLE `pre_blog` (
  `blog_id` int(11) NOT NULL AUTO_INCREMENT,
  `blog_title` varchar(100) NOT NULL,
  `blog_content` text NOT NULL,
  `blog_time` int(11) NOT NULL,
  `category_id` int(11) NOT NULL,
  `admin_id` int(11) NOT NULL,
  `year` mediumint(4) NOT NULL COMMENT '年份',
  PRIMARY KEY (`blog_id`),
  KEY `category_id` (`category_id`),
  KEY `admin_id` (`admin_id`)
) ENGINE=MyISAM AUTO_INCREMENT=21 DEFAULT CHARSET=utf8;

-- ----------------------------
-- Records of pre_blog
-- ----------------------------
INSERT INTO `pre_blog` VALUES ('1', 'Windows10-加速在企业中的部署 ', 'Windows10-加速在企业中的部署\n随着Windows 10的测试版名称从TP变成Insider，事情的一切朝着更美好的方向发展。改名只是一个策略，重要的是新的测试版本，让我们越来越体会到它的易用和高效。\n众所周知，Windows 系统在大批量部署的场景下，根据规模不同，需要用到WDS/MDT/SCCM。WDS（Windows部署服务）相对而言，由于其架构简单，因此针对Windows10支持是最容易实现的。\n企业如果需要接受Windows10，那么在现在这个阶段，去了解基于Windows10的部署技术就很有必要了。\nMDT2013 UPDATE1 PREVIEW\n由于众多因素，MDT对Windows10的支持需要使用MDT 2013 update1 Preview。相关的资讯我们可以从https://technet.microsoft.com/zh-cn/windows/dn475741.aspx得到下载。\n需要注意的是，这不是一个正式版，只是为了评估而使用的。相信正式的MDT版本，会随着Windows10 而同步发布。', '1442891696', '1', '1', '2015');
INSERT INTO `pre_blog` VALUES ('2', 'Php功能模块扩展--memcached', 'Memcache是danga.com的一个开源项目，它是一个高性能的分布式的内存对象缓存系统，通过在内存里维护一个统一的巨大的 Hash 表，能够用来存储各种格式的数据。可以类比于MySQL 这样的服务，而PHP扩展的Memcache实际上是连接 Memcache的方式。\n\nmemcached的安装与配置：\n[root@vm4 lnmp]# tar zxf libevent-2.0.22-stable.tar.gz\n[root@vm4 lnmp]# cd libevent-2.0.22-stable\n[root@vm4 libevent-2.0.22-stable]# ./configure --prefix=/usr/local/lnmp/phpmodule/libevent\n[root@vm4 libevent-2.0.22-stable]# make && make install \n\n[root@vm4 lnmp]# tar zxf memcached-1.4.15.tar.gz\n[root@vm4 memcached-1.4.15]# ./configure --with-libevent=/usr/local/lnmp/phpmodule/libevent/\n[root@vm4 memcached-1.4.15]# make && make install\n\n关于memcache启动的一些参数说明： \nmemcached命令参数解释: \n-p           监听的端口 \n-l       连接的IP地址, 默认是本机 \n-d start          启动memcached 服务 \n-d restart        重起memcached 服务 \n-d stop|shutdown  关闭正在运行的memcached 服务 \n-d install        安装memcached 服务 \n-d uninstall      卸载memcached 服务 \n-u      以的身份运行 (仅在以root运行的时候有效) \n-m           最大内存使用，单位MB。默认64MB \n-M                内存耗尽时返回错误，而不是删除项 \n-c           最大同时连接数，默认是1024 \n-f        块大小增长因子，默认是1.25 \n-n         最小分配空间，key+value+flags默认是48 \n-h                显示帮助 \n然后执行命令启动memcached \n#/usr/local/bin/memcached -d -m 1024 -u root -p 11211 -P /tmp/memcached.pid ', '1442891696', '1', '1', '2014');
INSERT INTO `pre_blog` VALUES ('3', 'mysql备份还原之mysqldump命令与source命令', '之前使用mysql比较多用到的是navicat这个软件，图形化的东西点点鼠标真的很好用哇，不过对于正儿八经的IT人员来说，使用图形化的东西总归给人一种很业余的感觉，不如命令行来的高大上啊~~（好吧，不如打命令能装逼......）\n基础篇：\n这个环节给出在工作中经常使用的命令（就是这么粗暴，直接）\n备份的格式如下：\nmysql -u用户名  -p密码  数据库>数据库.sql      \n还原的格式如下：\n首先进入数据库      mysql  -u用户名   -p密码\n然后创建一个空的数据库（注意：必须跟要还原的数据库同名才行）   create  database   数据库名；\n最后使用source导入备份的数据库即可          source   备份数据库路径；\n\n扩展篇：\n上面介绍了导出整个数据库，下面给出一些不一样的东西~~\n1.导出数据库中的某个表\nmysqldump -u用户名 -p密码  数据库名 表名> 导出的文件名\n\n2.导出一个数据库的表结构，而不包含数据\nmysqldump -u用户名  -p密码  -d  （--add-drop-table）  数据库名  >  导出的文件名\n-d  不要数据， --add-drop-table  在create table之前先drop table，默认就是开启的，如果想去掉，加--skip-add-drop-table 即可。\n\n导出数据库中某张表的表结构\nmysqldump -u用户名  -p密码  -d 数据库  表名 > tablename.sql', '1442891795', '1', '1', '2013');
INSERT INTO `pre_blog` VALUES ('4', '七夕情人节街拍特辑 明星夫妻情侣恩爱出街照', '今天是中国的传统节日，七夕情人节，相信很多情侣都会在今天甜蜜约会，就算不穿情侣装，情侣之间的恩爱也能让你们看上去无比幸福，下面来看看明星情侣夫妻档的恩爱出街照吧。', '1442891795', '2', '1', '2014');
INSERT INTO `pre_blog` VALUES ('5', '100位华语导演的处女作', '《青年电影手册》编委会名单\n\n主    编：程青松\n\n执行主编：曾念群\n\n特约编审：贾  健\n\n责任编辑：郭涌泉\n\n编    辑：泥  巴  耿  聪   宋健君\n\n \n\n封面：贾樟柯/赵薇\n\n \n\n青年电影手册第六辑 目录\n\n \n\n主编前言\n\n \n\n壹  封面人物\n\n“天注定”是《小武》    对话/贾樟柯 程青松\n\n用光影向青春致敬        对话/赵薇 程青松\n\n \n\n \n\n贰  手册聚焦  100位华语导演的处女作\n\n \n\n蔡明亮· 《青少年哪吒》  蔡尚君·《红色康拜因》  陈大明·《完美女人》 陈德森·《我老婆唔係人》 陈国富·《国中女生》 陈果·《大闹广昌隆》 陈嘉上·《小男人周记》 陈凯歌·《黄土地》 陈可辛·《双城故事》 陈正道·《宅变》\n\n \n\n戴立忍·《台北朝九晚五》 丁乃筝·《这儿是香格里拉》、杜琪峰·《碧水寒山夺命金》 尔冬升·《癫佬正传 》  高群书·《东京审判》 耿军·《烧烤》  顾长卫·《孔雀》 关锦鹏·《女人心》  管虎·《头发乱了》\n\n     \n\n韩杰·《赖小子》  郝杰·《光棍儿》  何平·《川岛芳子》 侯季然·《有一天》 侯孝贤·《就是溜溜的她》  黄真真·《女人那话儿》  霍建起·《赢家》  贾樟柯·《小武》 姜文·《阳光灿烂的日子》  蒋雯丽·《我们天上见》 金依萌·《旗鱼》 \n\n \n\n赖声川·《暗恋桃花源》 李安·《推手》 李红旗 ·《好多大米》  李睿珺·《夏至》 李少红·《银蛇谋杀案》 李欣蔓·《亲•爱》  李杨·《盲井》 李玉·《今年夏天》 林书宇·《九降风》 林孝谦·《街角的小王子》  林育贤 ·《六号出口》 林正盛·《春花梦露》\n\n \n\n刘杰·《马背上的法庭》 刘伟强·《朋党》 娄烨·《周末情人》  路学长·《长大成人》\n\n吕乐·《赵先生》 马俪文·《世界上最疼我的那个人去了》  宁浩·《香火》  宁瀛·《有人偏偏爱上我》 钮承泽·《情非得之生存之道》 彭浩翔·《买凶拍人》\n\n \n\n盛志明·《心心》 史蜀君·《女大学生宿舍》 宋方·《记忆看着我》 孙周·《给咖啡加点糖》  唐晓白·《动词变位》 滕华涛·《一百个……》 田壮壮·《红象》 万玛才旦·《静静的嘛呢石》\n\n \n\n王超·《安阳婴儿》 王家卫·《旺角卡门》 王竞·《方便面时代》 王笠人·《草芥》\n\n王全安·《月蚀》 王小帅·《冬春的日子》 韦家辉·《和平饭店》 魏德圣·《海角七号》 吴天明·《没有航标的河流》 吴宇森·《铁汉柔情》\n\n \n\n夏钢·《一半是火焰，一半是海水》 肖风·《寡妇十日谈》 谢飞·《火娃》 徐浩峰·《倭寇的踪迹》 徐静蕾·《我和爸爸》 徐克·《蝶变》 徐峥·《泰囧》  许鞍华·《疯劫》  薛晓璐·《海洋天堂》\n\n \n\n杨德昌·《海滩的一天》 杨瑾·《一只花奶牛》 杨雅喆·《囧男孩》 杨亚洲·《没事偷着乐》 易智言·《寂寞芳心俱乐部》 尹丽川·《公园》 应亮·《背鸭子的男孩》\n\n \n\n张猛·《耳朵大有福》 张扬·《爱情麻辣烫》 张艺谋·《红高粱》 张元·《妈妈》\n\n张作骥·《暗夜枪声》 章家瑞·《诺玛的十七岁》 章明·《巫山云雨》 赵薇·《致我们终将逝去的青春》 赵晔·《马乌甲》 郑阔·《南风》 郑有杰·《一年之初》 周显扬·《杀人犯》 周星驰·《少林足球》    \n\n \n\n \n\n叁  独立电影\n\n八十年代的精神漏洞       文/崔卫平\n\n让更多的狗儿仰天长啸     文/郝建\n\n中国电影的房地产时代     文/王小鲁\n\n \n\n \n\n肆  手册批评\n\n呼吁以电影分级制代替电影审查的公开信          文/谢飞\n\n可笑、可气、可恨的“现代文字狱”                文/谢飞\n\n呼吁继续放开以电影节为首的电影文化艺术市场    文/谢飞\n\n《一代宗师》：大珠小珠落玉盘                 文/郝建\n\n    《小时代》：它如何就成了一个大事件           文/郝建\n\n新电影《小时代》？呵，好大的口气！            文/王玉年\n\n \n\n伍  手册活动\n\n一屋不扫，何以扫天下——金扫帚奖终于迎来领奖人   文/曾念群\n\n第四届中国电影金扫帚奖获奖名单\n\n第四届中国电影金扫帚奖获奖评语\n\n《青年电影手册》2012年度华语十佳获奖名单\n\n《青年电影手册》2012年度华语十佳评语及获奖感言\n\n    颁奖嘉宾有话说\n\n和《青年电影手册》在路上     文/郭涌泉\n\n发光的电影，发热的爱人同志    文/徐明翰', '1442891795', '2', '1', '2013');
INSERT INTO `pre_blog` VALUES ('6', '盘点喜欢挤公交坐地铁的大牌明星', '日前有网友在温哥华公交车上偶遇王祖贤，她穿一身白色洋装，戴着墨镜，女神气场十足。网友说，起初王祖贤坐在自己身边，后来见到有老婆婆上车，她立刻主动让座，网友惊呼女神人美又有爱心，坐在那里美得就像一幅画。', '1442891795', '2', '1', '2012');
INSERT INTO `pre_blog` VALUES ('7', '海岛旅游开发多重难题亟待破解', '“海岛+邮轮，2014春节换一种新玩法。”近期，国内某旅游公司推出了这样的广告宣传语，拉开了新一年海洋旅游的序幕。\r\n\r\n近年来，随着我国旅游业从观光旅游向休闲度假旅游的转变，海岛凭着特有的碧海蓝天、沙滩美食、远离喧嚣而日益受到国内外游客的青睐，成为海洋旅游的首选。许多海岛也掀起了旅游开发的热潮，开发了以休闲渔业、海洋文化和海洋休闲度假等为主题的旅游产品。海岛旅游业在促进当地经济发展的同时，许多问题与不足也随之凸显，制约了海岛地区的可持续性发展。\r\n\r\n定位单一无个性\r\n\r\n“不出10年，一个‘海上花园’将在乐清湾中部崛起。到时候你再来，就可以体验一下我们的海岛旅游。”11月初，浙江省台州市玉环县海山乡副乡长黄德波拿着一本厚厚的发展规划告诉记者，海山乡将保护和利用海岛湿地生态资源，积极建设生态旅游、观光旅游为一体的海岛特色旅游度假区。\r\n\r\n作为玉环县两个海岛乡之一的海山乡，不过是我国海岛开发的一个缩影。如今，沿海各地政府从北到南，都在不同程度地开发海岛旅游资源。但国家海洋局海岛管理司有关人士指出，目前，我国一些海岛的旅游开发效果并不理想，丰富的海岛旅游资源并未得到充分合理利用，许多海岛旅游开发模式粗糙单一，产品定位单一雷同，景区重复建设严重，大多数海岛旅游缺乏有个性的包装和品牌策划。\r\n\r\n“我们计划要打造成国际旅游岛。”一些海岛当地政府对自己有着这样的定位和规划。但记者在采访中发现，许多岛屿在开发项目实际操作中模仿现象严重，岛屿内的旅游产品重复建设现象也颇多，简单追求“高大全”的定位会导致缺少地域特色，忽视对各自的历史文化底蕴、自然文化景观等独特性资源的深入开发。\r\n\r\n中国社科院旅游研究中心特约研究员刘思敏表示，受气候、环境、地理、历史、文化等因素的影响，海岛旅游产业应该阶梯式发展，梯次推进，不能一哄而上，不同的海岛旅游开发应该有不同的创意，因地制宜，坚持差异化发展。\r\n\r\n旅游开发层次较低\r\n\r\n记者在走访一些海岛时发现，开发海岛旅游确实对发展地方经济、改善经济结构、促进渔农民增收等方面有所贡献，也让许多老百姓走上了致富之路。但许多海岛地区大都以观光游、海滨浴场、渔家乐、海鲜美食等内容和形式为重要开发项目，开发层级较低，游客逗留时间短，旅游经济效益较低。\r\n\r\n刘思敏告诉记者，虽然我国海洋旅游内涵丰富，但目前尚处于初级阶段，国内一些比较知名的海洋旅游大市也仅限于海岸、海滨旅游，旅游产业仅带动餐饮、住宿与运输业的初级发展，旅游产业链并不完善与健全。而且，我国目前的许多海岛旅游开发大都停留在观光的层次，那些富有挑战性、刺激性、参与性强的高端海洋旅游产品和最具海岛特色的旅游项目较少，海洋休闲度假产品的开发还处在起步阶段。而且，目前旅游开发缺乏深度和广度，游客市场有待培育。\r\n\r\n游客承载力有限\r\n\r\n在今年国庆期间，浙江省舟山市朱家尖蜈蚣峙码头人声鼎沸，成百上千的游客拥挤在候船大厅里等待着前往普陀山岛。虽然船班一趟接着一趟地往返于起点和目的地，但由于是旅游旺季，客流量大，船班有限，还是导致了大量游客滞留码头的现象出现。\r\n\r\n记者在采访中了解到，每到旅游旺季，许多海岛都面临船班不够、客房数量有限、用水紧张等问题。海岛由于独特的自然地理条件，在各种基础设施建设方面比大陆的成本要高很多，这也限制了其旅游业的承载力和接待力。\r\n\r\n专家指出，大多数海岛远离城市，发展比较落后，而且海岛旅游业的起步较晚，经济支持力度不够，致使旅游基础设施滞后，住宿条件大都还停留在民宿阶段，旅游接待能力尚待进一步扩大。\r\n\r\n生态平衡被打破\r\n\r\n舟山普陀山管委会旅游管理处处长邱文海说：“为了保护环境，在旅游旺季，我们只能限制客流量，施行分流上岛。”\r\n\r\n旅游业的发展促进了海岛地区渔农民思想观念的提升，增加了他们的收入，但也造成了海岛生态环境的诸多问题。很多海岛存在过度开发利用资源的现象，旅游设施的增多，岛上日用水的消耗日益增大，使得岛上出现水源枯竭的现象。同时，游客带来的大量的垃圾也加大了海岛垃圾处理压力。而且，随着驾车旅游的人数增加，也加重了汽车尾气对环境的影响。\r\n\r\n刘思敏表示，各地应使海岛旅游与经济发展、社会进步、环境保护同步，特别是要与海洋旅游需求增长的速度同步，杜绝无偿、无序、无度等开发现象，使海洋旅游开发合理有序进行。\r\n\r\n旅游市场管理不到位\r\n\r\n“以前岛上的农家乐只有几家，后来大家发现很赚钱，就都开起了农家乐。数量多了，但质量却差了，有的服务水平让游客很不满意，直接影响了我家的生意。”山东长岛一户农家乐老板向记者发牢骚说。\r\n\r\n岛上的旅游从业人员大多是本地居民，素质不一，如何加强管理摆在了当地管理部门面前。\r\n\r\n海岛旅游管理涉及许多部门，容易出现涉海部门协调体制不健全、相关法律法规不完善等现象，不仅浪费了旅游资源，还会影响旅游项目的开发。而且，海岛旅游业涉及的领域广泛，对人才素质要求较高，但目前尚未建立起有效的人才管理机制。\r\n\r\n正如专家所说，一个和谐海岛旅游社区应包括社区居民全面参与、旅游管理规范、各主体之间利益分配和谐、人与自然和谐、居民与游客关系和谐等方面。', '1442905620', '3', '1', '2011');
INSERT INTO `pre_blog` VALUES ('8', '中国人民大学经济学院创新经济论坛公告', '如何提升中国的原始创新能力？如何让全社会创新活力源源不断喷发？值此中国发展模式转型，全面深化改革之际，是时候探索中国的原始型创新之路了！\r\n年轻人身上存在着原始型创新所需要的特有的天赋、个性、特长、激情、爱好、兴趣、梦想、灵感、创意。他们是直觉式创新的主体，具有直觉式创新需要的超常型默示知识。太长久了，年轻人只是在聆听。该转变了，让年轻人来表达，来抒发。中国要建设创新型国家，希望在年轻人身上。\r\n中国人民大学经济学院创新经济论坛致力于为年轻人搭建这样一个平台：在这里，传统的界限被打破，陈旧的规则被修改，青春的想象被开启，直觉的创新被激发。\r\n如果你有科技创新的灵感，如果你有经济创新的思路，如果你有社会创新的规划，如果你有文化创新的设计，如果你有理论创新的探索，如果你有国际前沿的视野，那么你就来吧！中国人民大学创新经济论坛将不仅为你的演讲提供便利，而且会邀请专家为你把脉，为你导航，与你共商中国创新大计，为中国原始型创新能力的形成共同努力。', '1442905668', '3', '1', '2010');
INSERT INTO `pre_blog` VALUES ('9', '落袋：A股新局面即将出现！', '股市又演了一出阿斗戏，连续下跌既有外部因素，也有内部因素，而后者一如既往地占着大头。折腾归折腾，回调归回调，总归不是下跌浪型的结构，所以落袋继续坚持后市看涨，投资者依然是逢低介入为主！\r\n   \r\n     蹑蹀泥泞而不能高瞻远瞩的投资者不少，落袋的阶段看涨自然成了众矢之的，所以调整期间，落袋以沉默为主。虽然大盘这两天的反弹不温不火，底部结构也不明显，很难从技术上看出调整结束。但历史上行情总是在不知不觉中启动，虽然这次不一定是最后的调整，折腾是A股特色，但后市看好是不容置疑的，这个观点落袋在很长一段时间内都不会改变。\r\n   \r\n     有识之士还是有的：《社科院金融蓝皮书----2014年或再现1999年519行情》。对此落袋不做过多评论，而落袋主观上认为，股市需要上涨，需要一个阶段性牛市，需要吸引资金，需要建造功德碑，这具有一定的政治意义，进一步地说，股市上涨可以弥补或掩盖一些社会经济问题。\r\n   \r\n     顺便提一句，今年以来，沪深指数就是一个参照物，个股行情不会因为指数的不给力而停止，越来越多的迹象表明，沪深指数就是一个畸形加坑爹的玩意儿！', '1442905742', '3', '1', '2009');
INSERT INTO `pre_blog` VALUES ('10', '鹦鹉笑话 ', '有一天警局接到一通电话，对方的声音非常的紧急。\r\n\r\n「先生！救命！快点救命！」\r\n\r\n「小姐！你慢慢说…到底什么事情！」\r\n\r\n「有一只猫爬进来我的家里！」\r\n\r\n「小姐！有一只猫爬进来应该不是很大的问题！」\r\n\r\n「不行！不行！这猫很危险！猫很危险！」\r\n\r\n「小姐！猫真的不危险…」\r\n\r\n   \"可是我是只鹦鹉啊！！\"\r\n\r\n \r\n\r\n关于鹦鹉的笑话！\r\n\r\n 有一位爱鸟人仕他特别喜欢鹦鹉，有一天他经过一间鸟店发现里面正在拍卖一只鹦鹉他看那只鹦鹉毛色很好看决定要买，于是他喊道：“我愿意出10元美金买下这只鹦鹉！”接着有人喊价：“我愿意出20元美金！\"\r\n\r\n那位爱鸟人仕不愿把那只鹦鹉拱手让人，于是他又喊了30元……可是另一个声音像在跟他作对，一直到那位爱鸟人仕喊到200元时才停……那人买到鹦鹉很高兴，可是他突然想到：我花了那么多钱才买到这鹦鹉，如果它不会说话那我不就亏大了吗？？？于是他就提着鸟笼去问老板：“老板……你这只鹦鹉会不会说话啊？？？？\"\r\n\r\n接着他听到鹦鹉大叫：“不会说话？！？！你以为刚刚是谁在跟你喊价啊？！？！”', '1442905943', '4', '1', '2008');
INSERT INTO `pre_blog` VALUES ('11', '孩子们的乐园', '“怎么样，孩子，”父亲问，“你的女老师满意你吗？”\r\n\r\n　　“啊，是的，爸爸，十分满意。”\r\n\r\n　　“你怎么知道？是她亲口对你说的？”\r\n\r\n　　“当然，爸爸。前天她对我说：‘要是所有的学生都像你这样，我马上就离开学校。’这说明我已经全学会了。”\r\n\r\n笑话集锦\r\n\r\n\r\n母亲：你不在时，你养的鹦鹉飞走了。\r\n\r\n儿子懊恼的说：我早有预感，昨晚我复习地理时，它一直站在我肩膀上，看来它是在观察出走的路线。\r\n\r\n精品笑话\r\n\r\n一位访问者到一个著名地小镇观光，他问一个当地孩子：\r\n\r\n　　“你能告诉我，这镇上曾经诞生过什么大人物吗？”\r\n\r\n　　那小孩回答道：“没有，我们这儿出生的全是婴儿。”', '1442905943', '4', '1', '2007');
INSERT INTO `pre_blog` VALUES ('12', '股市暴跌的影响', '1. 私房钱放在哪里最稳当？ 绝对是股市，不仅老婆找不到，现在就连自己也找不到了！\r\n2. 万万没想到，熬过了熊市，躲过了牛市，却死在了救市。\r\n3. 上个月股票涨的时候我吃什么狗吃什么， 上个星期股票跌的时候狗吃什么我吃什么，这个星期可能要吃狗了。', '1442906070', '4', '1', '2006');
INSERT INTO `pre_blog` VALUES ('16', 'asdasd', 'asd', '1443104119', '4', '1', '2015');
INSERT INTO `pre_blog` VALUES ('20', '今天醉了吗', '今天醉了吗今天醉了吗今天醉了吗今天醉了吗', '1443285430', '2', '1', '2015');

-- ----------------------------
-- Table structure for `pre_categories`
-- ----------------------------
DROP TABLE IF EXISTS `pre_categories`;
CREATE TABLE `pre_categories` (
  `category_id` int(11) NOT NULL AUTO_INCREMENT,
  `category_name` varchar(50) NOT NULL,
  PRIMARY KEY (`category_id`)
) ENGINE=MyISAM AUTO_INCREMENT=5 DEFAULT CHARSET=utf8;

-- ----------------------------
-- Records of pre_categories
-- ----------------------------
INSERT INTO `pre_categories` VALUES ('1', '技术');
INSERT INTO `pre_categories` VALUES ('2', '娱乐');
INSERT INTO `pre_categories` VALUES ('3', '新闻');
INSERT INTO `pre_categories` VALUES ('4', '笑话');

-- ----------------------------
-- Table structure for `pre_reply`
-- ----------------------------
DROP TABLE IF EXISTS `pre_reply`;
CREATE TABLE `pre_reply` (
  `reply_id` int(11) NOT NULL AUTO_INCREMENT,
  `reply_email` varchar(50) NOT NULL,
  `reply_time` int(11) NOT NULL COMMENT '回复时间',
  `reply_content` text NOT NULL,
  `blog_id` int(11) NOT NULL,
  PRIMARY KEY (`reply_id`),
  KEY `blog_id` (`blog_id`)
) ENGINE=MyISAM AUTO_INCREMENT=5 DEFAULT CHARSET=utf8;

-- ----------------------------
-- Records of pre_reply
-- ----------------------------
INSERT INTO `pre_reply` VALUES ('1', '453@qq.com', '1443002900', '123123123123123', '2');
INSERT INTO `pre_reply` VALUES ('2', '4512123@qq.com', '1443002912', '123123123123123', '1');
INSERT INTO `pre_reply` VALUES ('3', '451232123@qq.com', '1443002912', '12312312312312323', '1');
INSERT INTO `pre_reply` VALUES ('4', '453761770@qq.com', '1484030371', '453761770@qq.com', '20');

-- ----------------------------
-- Table structure for `pre_user`
-- ----------------------------
DROP TABLE IF EXISTS `pre_user`;
CREATE TABLE `pre_user` (
  `user_id` int(11) NOT NULL AUTO_INCREMENT COMMENT 'id',
  `user_name` varchar(100) NOT NULL COMMENT '用户blog名',
  `user_email` varchar(100) NOT NULL COMMENT '用户Email',
  `user_password` varchar(111) NOT NULL COMMENT '用户密码',
  `user_addtime` int(11) NOT NULL COMMENT '注册时间',
  `user_lastlogintime` int(11) NOT NULL COMMENT '最后登录时间',
  PRIMARY KEY (`user_id`)
) ENGINE=MyISAM AUTO_INCREMENT=6 DEFAULT CHARSET=utf8 COMMENT='blog用户表';

-- ----------------------------
-- Records of pre_user
-- ----------------------------
INSERT INTO `pre_user` VALUES ('1', '富淘', '656585491@qq.com', '698d51a19d8a121ce581499d7b701668', '1443508932', '1443528829');
INSERT INTO `pre_user` VALUES ('2', 'zgw', '2345678@qq.com', 'c4ca4238a0b923820dcc509a6f75849b', '1443517287', '1443528829');
INSERT INTO `pre_user` VALUES ('3', 'futao', '234567@qq.com', 'c4ca4238a0b923820dcc509a6f75849b', '1443517493', '1443528829');
INSERT INTO `pre_user` VALUES ('4', 'a', '2345678@qq.com', 'c4ca4238a0b923820dcc509a6f75849b', '1443517624', '1443528829');
INSERT INTO `pre_user` VALUES ('5', 'zhanggangwei', '453761770@qq.com', 'e10adc3949ba59abbe56e057f20f883e', '1443528829', '1484030039');
